"time","future","rate"
"2021-11-08T00:00:00+00:00","BTC-PERP","0.000022"
"2021-11-07T23:00:00+00:00","BTC-PERP","0.000029"
"2021-11-07T22:00:00+00:00","BTC-PERP","0.000027"
"2021-11-07T21:00:00+00:00","BTC-PERP","0.000019"
"2021-11-07T20:00:00+00:00","BTC-PERP","0.00001"
"2021-11-07T19:00:00+00:00","BTC-PERP","0.000014"
"2021-11-07T18:00:00+00:00","BTC-PERP","0.000031"
"2021-11-07T17:00:00+00:00","BTC-PERP","0.000026"
"2021-11-07T16:00:00+00:00","BTC-PERP","0.000036"
"2021-11-07T15:00:00+00:00","BTC-PERP","0.000041"
"2021-11-07T14:00:00+00:00","BTC-PERP","0.000036"
"2021-11-07T13:00:00+00:00","BTC-PERP","0.00003"
"2021-11-07T12:00:00+00:00","BTC-PERP","0.000025"
"2021-11-07T11:00:00+00:00","BTC-PERP","0.000023"
"2021-11-07T10:00:00+00:00","BTC-PERP","0.000026"
"2021-11-07T09:00:00+00:00","BTC-PERP","0.000019"
"2021-11-07T08:00:00+00:00","BTC-PERP","0.000005"
"2021-11-07T07:00:00+00:00","BTC-PERP","0.000026"
"2021-11-07T06:00:00+00:00","BTC-PERP","0.000029"
"2021-11-07T05:00:00+00:00","BTC-PERP","0.000032"
"2021-11-07T04:00:00+00:00","BTC-PERP","0.00002"
"2021-11-07T03:00:00+00:00","BTC-PERP","0.000025"
"2021-11-07T02:00:00+00:00","BTC-PERP","0.000026"
"2021-11-07T01:00:00+00:00","BTC-PERP","0.000006"
"2021-11-07T00:00:00+00:00","BTC-PERP","0.000015"
"2021-11-06T23:00:00+00:00","BTC-PERP","0.000018"
"2021-11-06T22:00:00+00:00","BTC-PERP","0.000014"
"2021-11-06T21:00:00+00:00","BTC-PERP","0.000017"
"2021-11-06T20:00:00+00:00","BTC-PERP","0.000027"
"2021-11-06T19:00:00+00:00","BTC-PERP","0.000014"
"2021-11-06T18:00:00+00:00","BTC-PERP","0.000016"
"2021-11-06T17:00:00+00:00","BTC-PERP","0.000015"
"2021-11-06T16:00:00+00:00","BTC-PERP","0.000013"
"2021-11-06T15:00:00+00:00","BTC-PERP","0.000003"
"2021-11-06T14:00:00+00:00","BTC-PERP","-0.000009"
"2021-11-06T13:00:00+00:00","BTC-PERP","0.000001"
"2021-11-06T12:00:00+00:00","BTC-PERP","0.000008"
"2021-11-06T11:00:00+00:00","BTC-PERP","0.000014"
"2021-11-06T10:00:00+00:00","BTC-PERP","0.000029"
"2021-11-06T09:00:00+00:00","BTC-PERP","0.000011"
"2021-11-06T08:00:00+00:00","BTC-PERP","0.000003"
"2021-11-06T07:00:00+00:00","BTC-PERP","0.000017"
"2021-11-06T06:00:00+00:00","BTC-PERP","0.00002"
"2021-11-06T05:00:00+00:00","BTC-PERP","0.000026"
"2021-11-06T04:00:00+00:00","BTC-PERP","0.000007"
"2021-11-06T03:00:00+00:00","BTC-PERP","-0.000003"
"2021-11-06T02:00:00+00:00","BTC-PERP","0.00001"
"2021-11-06T01:00:00+00:00","BTC-PERP","0.000026"
"2021-11-06T00:00:00+00:00","BTC-PERP","0.000016"
"2021-11-05T23:00:00+00:00","BTC-PERP","0.000025"
"2021-11-05T22:00:00+00:00","BTC-PERP","0.000031"
"2021-11-05T21:00:00+00:00","BTC-PERP","0.000012"
"2021-11-05T20:00:00+00:00","BTC-PERP","0.000024"
"2021-11-05T19:00:00+00:00","BTC-PERP","0.000023"
"2021-11-05T18:00:00+00:00","BTC-PERP","0.000021"
"2021-11-05T17:00:00+00:00","BTC-PERP","0.000014"
"2021-11-05T16:00:00+00:00","BTC-PERP","0.000014"
"2021-11-05T15:00:00+00:00","BTC-PERP","0.000015"
"2021-11-05T14:00:00+00:00","BTC-PERP","0.000024"
"2021-11-05T13:00:00+00:00","BTC-PERP","0.000014"
"2021-11-05T12:00:00+00:00","BTC-PERP","0.000013"
"2021-11-05T11:00:00+00:00","BTC-PERP","0.000019"
"2021-11-05T10:00:00+00:00","BTC-PERP","0.000021"
"2021-11-05T09:00:00+00:00","BTC-PERP","0.000029"
"2021-11-05T08:00:00+00:00","BTC-PERP","0.000006"
"2021-11-05T07:00:00+00:00","BTC-PERP","0.000012"
"2021-11-05T06:00:00+00:00","BTC-PERP","0.000011"
"2021-11-05T05:00:00+00:00","BTC-PERP","0.000012"
"2021-11-05T04:00:00+00:00","BTC-PERP","0.000018"
"2021-11-05T03:00:00+00:00","BTC-PERP","0.000009"
"2021-11-05T02:00:00+00:00","BTC-PERP","0.000016"
"2021-11-05T01:00:00+00:00","BTC-PERP","0.000007"
"2021-11-05T00:00:00+00:00","BTC-PERP","0.000019"
"2021-11-04T23:00:00+00:00","BTC-PERP","0.000007"
"2021-11-04T22:00:00+00:00","BTC-PERP","0.000009"
"2021-11-04T21:00:00+00:00","BTC-PERP","0.000013"
"2021-11-04T20:00:00+00:00","BTC-PERP","0.000017"
"2021-11-04T19:00:00+00:00","BTC-PERP","0.000009"
"2021-11-04T18:00:00+00:00","BTC-PERP","0.000016"
"2021-11-04T17:00:00+00:00","BTC-PERP","0.000026"
"2021-11-04T16:00:00+00:00","BTC-PERP","0.000012"
"2021-11-04T15:00:00+00:00","BTC-PERP","0.000023"
"2021-11-04T14:00:00+00:00","BTC-PERP","0.000026"
"2021-11-04T13:00:00+00:00","BTC-PERP","0.000034"
"2021-11-04T12:00:00+00:00","BTC-PERP","0.000028"
"2021-11-04T11:00:00+00:00","BTC-PERP","0.000031"
"2021-11-04T10:00:00+00:00","BTC-PERP","0.000027"
"2021-11-04T09:00:00+00:00","BTC-PERP","0.000022"
"2021-11-04T08:00:00+00:00","BTC-PERP","0.000028"
"2021-11-04T07:00:00+00:00","BTC-PERP","0.00003"
"2021-11-04T06:00:00+00:00","BTC-PERP","0.00002"
"2021-11-04T05:00:00+00:00","BTC-PERP","0.000033"
"2021-11-04T04:00:00+00:00","BTC-PERP","0.000037"
"2021-11-04T03:00:00+00:00","BTC-PERP","0.000037"
"2021-11-04T02:00:00+00:00","BTC-PERP","0.000032"
"2021-11-04T01:00:00+00:00","BTC-PERP","0.000039"
"2021-11-04T00:00:00+00:00","BTC-PERP","0.000037"
"2021-11-03T23:00:00+00:00","BTC-PERP","0.000036"
"2021-11-03T22:00:00+00:00","BTC-PERP","0.000044"
"2021-11-03T21:00:00+00:00","BTC-PERP","0.000026"
"2021-11-03T20:00:00+00:00","BTC-PERP","0.000029"
"2021-11-03T19:00:00+00:00","BTC-PERP","0.000039"
"2021-11-03T18:00:00+00:00","BTC-PERP","0.00002"
"2021-11-03T17:00:00+00:00","BTC-PERP","0.000019"
"2021-11-03T16:00:00+00:00","BTC-PERP","0.000013"
"2021-11-03T15:00:00+00:00","BTC-PERP","0.00002"
"2021-11-03T14:00:00+00:00","BTC-PERP","0.00002"
"2021-11-03T13:00:00+00:00","BTC-PERP","0.00002"
"2021-11-03T12:00:00+00:00","BTC-PERP","0.000026"
"2021-11-03T11:00:00+00:00","BTC-PERP","0.00003"
"2021-11-03T10:00:00+00:00","BTC-PERP","0.000018"
"2021-11-03T09:00:00+00:00","BTC-PERP","0.000014"
"2021-11-03T08:00:00+00:00","BTC-PERP","0.000045"
"2021-11-03T07:00:00+00:00","BTC-PERP","0.000035"
"2021-11-03T06:00:00+00:00","BTC-PERP","0.000039"
"2021-11-03T05:00:00+00:00","BTC-PERP","0.000017"
"2021-11-03T04:00:00+00:00","BTC-PERP","0.000019"
"2021-11-03T03:00:00+00:00","BTC-PERP","0.000034"
"2021-11-03T02:00:00+00:00","BTC-PERP","0.000028"
"2021-11-03T01:00:00+00:00","BTC-PERP","0.000031"
"2021-11-03T00:00:00+00:00","BTC-PERP","0.000047"
"2021-11-02T23:00:00+00:00","BTC-PERP","0.000055"
"2021-11-02T22:00:00+00:00","BTC-PERP","0.000046"
"2021-11-02T21:00:00+00:00","BTC-PERP","0.000039"
"2021-11-02T20:00:00+00:00","BTC-PERP","0.00006"
"2021-11-02T19:00:00+00:00","BTC-PERP","0.000039"
"2021-11-02T18:00:00+00:00","BTC-PERP","0.000032"
"2021-11-02T17:00:00+00:00","BTC-PERP","0.000032"
"2021-11-02T16:00:00+00:00","BTC-PERP","0.000039"
"2021-11-02T15:00:00+00:00","BTC-PERP","0.000032"
"2021-11-02T14:00:00+00:00","BTC-PERP","0.000042"
"2021-11-02T13:00:00+00:00","BTC-PERP","0.00004"
"2021-11-02T12:00:00+00:00","BTC-PERP","0.000042"
"2021-11-02T11:00:00+00:00","BTC-PERP","0.000052"
"2021-11-02T10:00:00+00:00","BTC-PERP","0.000051"
"2021-11-02T09:00:00+00:00","BTC-PERP","0.000037"
"2021-11-02T08:00:00+00:00","BTC-PERP","0.000029"
"2021-11-02T07:00:00+00:00","BTC-PERP","0.000028"
"2021-11-02T06:00:00+00:00","BTC-PERP","0.000026"
"2021-11-02T05:00:00+00:00","BTC-PERP","0.000022"
"2021-11-02T04:00:00+00:00","BTC-PERP","0.000011"
"2021-11-02T03:00:00+00:00","BTC-PERP","0.000023"
"2021-11-02T02:00:00+00:00","BTC-PERP","0.000025"
"2021-11-02T01:00:00+00:00","BTC-PERP","0.000013"
"2021-11-02T00:00:00+00:00","BTC-PERP","0.000018"
"2021-11-01T23:00:00+00:00","BTC-PERP","0.000023"
"2021-11-01T22:00:00+00:00","BTC-PERP","0.000021"
"2021-11-01T21:00:00+00:00","BTC-PERP","0.000017"
"2021-11-01T20:00:00+00:00","BTC-PERP","0.000014"
"2021-11-01T19:00:00+00:00","BTC-PERP","0.000013"
"2021-11-01T18:00:00+00:00","BTC-PERP","0.000023"
"2021-11-01T17:00:00+00:00","BTC-PERP","0.000032"
"2021-11-01T16:00:00+00:00","BTC-PERP","0.000047"
"2021-11-01T15:00:00+00:00","BTC-PERP","0.000019"
"2021-11-01T14:00:00+00:00","BTC-PERP","0.000032"
"2021-11-01T13:00:00+00:00","BTC-PERP","0.000035"
"2021-11-01T12:00:00+00:00","BTC-PERP","0.000038"
"2021-11-01T11:00:00+00:00","BTC-PERP","0.000044"
"2021-11-01T10:00:00+00:00","BTC-PERP","0.000044"
"2021-11-01T09:00:00+00:00","BTC-PERP","0.000031"
"2021-11-01T08:00:00+00:00","BTC-PERP","0.000046"
"2021-11-01T07:00:00+00:00","BTC-PERP","0.00002"
"2021-11-01T06:00:00+00:00","BTC-PERP","0.000018"
"2021-11-01T05:00:00+00:00","BTC-PERP","0.000012"
"2021-11-01T04:00:00+00:00","BTC-PERP","0"
"2021-11-01T03:00:00+00:00","BTC-PERP","0.000009"
"2021-11-01T02:00:00+00:00","BTC-PERP","0.000021"
"2021-11-01T01:00:00+00:00","BTC-PERP","0.000023"
"2021-11-01T00:00:00+00:00","BTC-PERP","0.000019"
"2021-10-31T23:00:00+00:00","BTC-PERP","0.000008"
"2021-10-31T22:00:00+00:00","BTC-PERP","0.000012"
"2021-10-31T21:00:00+00:00","BTC-PERP","0.000007"
"2021-10-31T20:00:00+00:00","BTC-PERP","0.000017"
"2021-10-31T19:00:00+00:00","BTC-PERP","0.000024"
"2021-10-31T18:00:00+00:00","BTC-PERP","0.000011"
"2021-10-31T17:00:00+00:00","BTC-PERP","0.000018"
"2021-10-31T16:00:00+00:00","BTC-PERP","0.000012"
"2021-10-31T15:00:00+00:00","BTC-PERP","0.000018"
"2021-10-31T14:00:00+00:00","BTC-PERP","0.000014"
"2021-10-31T13:00:00+00:00","BTC-PERP","0.000015"
"2021-10-31T12:00:00+00:00","BTC-PERP","0.000012"
"2021-10-31T11:00:00+00:00","BTC-PERP","0.000011"
"2021-10-31T10:00:00+00:00","BTC-PERP","0.000001"
"2021-10-31T09:00:00+00:00","BTC-PERP","0.000004"
"2021-10-31T08:00:00+00:00","BTC-PERP","0.000024"
"2021-10-31T07:00:00+00:00","BTC-PERP","0.000012"
"2021-10-31T06:00:00+00:00","BTC-PERP","0.000022"
"2021-10-31T05:00:00+00:00","BTC-PERP","0.00002"
"2021-10-31T04:00:00+00:00","BTC-PERP","0.000027"
"2021-10-31T03:00:00+00:00","BTC-PERP","0.000024"
"2021-10-31T02:00:00+00:00","BTC-PERP","0.000023"
"2021-10-31T01:00:00+00:00","BTC-PERP","0.000031"
"2021-10-31T00:00:00+00:00","BTC-PERP","0.000016"
"2021-10-30T23:00:00+00:00","BTC-PERP","0.000021"
"2021-10-30T22:00:00+00:00","BTC-PERP","0.00001"
"2021-10-30T21:00:00+00:00","BTC-PERP","0.000023"
"2021-10-30T20:00:00+00:00","BTC-PERP","0.000022"
"2021-10-30T19:00:00+00:00","BTC-PERP","0.000021"
"2021-10-30T18:00:00+00:00","BTC-PERP","0.000025"
"2021-10-30T17:00:00+00:00","BTC-PERP","0.000018"
"2021-10-30T16:00:00+00:00","BTC-PERP","0.000007"
"2021-10-30T15:00:00+00:00","BTC-PERP","0.000011"
"2021-10-30T14:00:00+00:00","BTC-PERP","0.000022"
"2021-10-30T13:00:00+00:00","BTC-PERP","0.000022"
"2021-10-30T12:00:00+00:00","BTC-PERP","0.000011"
"2021-10-30T11:00:00+00:00","BTC-PERP","0.000017"
"2021-10-30T10:00:00+00:00","BTC-PERP","0.000018"
"2021-10-30T09:00:00+00:00","BTC-PERP","0.000014"
"2021-10-30T08:00:00+00:00","BTC-PERP","0.000018"
"2021-10-30T07:00:00+00:00","BTC-PERP","0.000026"
"2021-10-30T06:00:00+00:00","BTC-PERP","0.000035"
"2021-10-30T05:00:00+00:00","BTC-PERP","0.000022"
"2021-10-30T04:00:00+00:00","BTC-PERP","0.000024"
"2021-10-30T03:00:00+00:00","BTC-PERP","0.000024"
"2021-10-30T02:00:00+00:00","BTC-PERP","0.000031"
"2021-10-30T01:00:00+00:00","BTC-PERP","0.000023"
"2021-10-30T00:00:00+00:00","BTC-PERP","0.000015"
"2021-10-29T23:00:00+00:00","BTC-PERP","0.000009"
"2021-10-29T22:00:00+00:00","BTC-PERP","0.000009"
"2021-10-29T21:00:00+00:00","BTC-PERP","0.000016"
"2021-10-29T20:00:00+00:00","BTC-PERP","0.000026"
"2021-10-29T19:00:00+00:00","BTC-PERP","0.000037"
"2021-10-29T18:00:00+00:00","BTC-PERP","0.000029"
"2021-10-29T17:00:00+00:00","BTC-PERP","0.00004"
"2021-10-29T16:00:00+00:00","BTC-PERP","0.000033"
"2021-10-29T15:00:00+00:00","BTC-PERP","0.000016"
"2021-10-29T14:00:00+00:00","BTC-PERP","0.000025"
"2021-10-29T13:00:00+00:00","BTC-PERP","0.000019"
"2021-10-29T12:00:00+00:00","BTC-PERP","0.000018"
"2021-10-29T11:00:00+00:00","BTC-PERP","0.000015"
"2021-10-29T10:00:00+00:00","BTC-PERP","0.000015"
"2021-10-29T09:00:00+00:00","BTC-PERP","0.000025"
"2021-10-29T08:00:00+00:00","BTC-PERP","0.000018"
"2021-10-29T07:00:00+00:00","BTC-PERP","0.000025"
"2021-10-29T06:00:00+00:00","BTC-PERP","0.000021"
"2021-10-29T05:00:00+00:00","BTC-PERP","0.000016"
"2021-10-29T04:00:00+00:00","BTC-PERP","0.000027"
"2021-10-29T03:00:00+00:00","BTC-PERP","0.000025"
"2021-10-29T02:00:00+00:00","BTC-PERP","0.00003"
"2021-10-29T01:00:00+00:00","BTC-PERP","0.000024"
"2021-10-29T00:00:00+00:00","BTC-PERP","0.000011"
"2021-10-28T23:00:00+00:00","BTC-PERP","0.000018"
"2021-10-28T22:00:00+00:00","BTC-PERP","0.000027"
"2021-10-28T21:00:00+00:00","BTC-PERP","0.000031"
"2021-10-28T20:00:00+00:00","BTC-PERP","0.000023"
"2021-10-28T19:00:00+00:00","BTC-PERP","0.000016"
"2021-10-28T18:00:00+00:00","BTC-PERP","0.000023"
"2021-10-28T17:00:00+00:00","BTC-PERP","0.000012"
"2021-10-28T16:00:00+00:00","BTC-PERP","0.000003"
"2021-10-28T15:00:00+00:00","BTC-PERP","0.000002"
"2021-10-28T14:00:00+00:00","BTC-PERP","-0.000001"
"2021-10-28T13:00:00+00:00","BTC-PERP","0.000008"
"2021-10-28T12:00:00+00:00","BTC-PERP","0.000005"
"2021-10-28T11:00:00+00:00","BTC-PERP","0.000008"
"2021-10-28T10:00:00+00:00","BTC-PERP","0.000012"
"2021-10-28T09:00:00+00:00","BTC-PERP","0.000015"
"2021-10-28T08:00:00+00:00","BTC-PERP","0.000001"
"2021-10-28T07:00:00+00:00","BTC-PERP","0.000008"
"2021-10-28T06:00:00+00:00","BTC-PERP","0.000001"
"2021-10-28T05:00:00+00:00","BTC-PERP","-0.000007"
"2021-10-28T04:00:00+00:00","BTC-PERP","-0.000001"
"2021-10-28T03:00:00+00:00","BTC-PERP","0.000003"
"2021-10-28T02:00:00+00:00","BTC-PERP","0.000006"
"2021-10-28T01:00:00+00:00","BTC-PERP","0.000004"
"2021-10-28T00:00:00+00:00","BTC-PERP","-0.000001"
"2021-10-27T23:00:00+00:00","BTC-PERP","-0.000004"
"2021-10-27T22:00:00+00:00","BTC-PERP","0.000012"
"2021-10-27T21:00:00+00:00","BTC-PERP","0"
"2021-10-27T20:00:00+00:00","BTC-PERP","0.000007"
"2021-10-27T19:00:00+00:00","BTC-PERP","0.000005"
"2021-10-27T18:00:00+00:00","BTC-PERP","0.000001"
"2021-10-27T17:00:00+00:00","BTC-PERP","0.00001"
"2021-10-27T16:00:00+00:00","BTC-PERP","0.000009"
"2021-10-27T15:00:00+00:00","BTC-PERP","0.000005"
"2021-10-27T14:00:00+00:00","BTC-PERP","-0.000006"
"2021-10-27T13:00:00+00:00","BTC-PERP","0.000007"
"2021-10-27T12:00:00+00:00","BTC-PERP","0.000006"
"2021-10-27T11:00:00+00:00","BTC-PERP","0.000016"
"2021-10-27T10:00:00+00:00","BTC-PERP","0.000014"
"2021-10-27T09:00:00+00:00","BTC-PERP","0.000018"
"2021-10-27T08:00:00+00:00","BTC-PERP","-0.000004"
"2021-10-27T07:00:00+00:00","BTC-PERP","0.000016"
"2021-10-27T06:00:00+00:00","BTC-PERP","0.000007"
"2021-10-27T05:00:00+00:00","BTC-PERP","0.00002"
"2021-10-27T04:00:00+00:00","BTC-PERP","0.000011"
"2021-10-27T03:00:00+00:00","BTC-PERP","0.000005"
"2021-10-27T02:00:00+00:00","BTC-PERP","-0.000001"
"2021-10-27T01:00:00+00:00","BTC-PERP","-0.000008"
"2021-10-27T00:00:00+00:00","BTC-PERP","-0.000013"
"2021-10-26T23:00:00+00:00","BTC-PERP","-0.000003"
"2021-10-26T22:00:00+00:00","BTC-PERP","0.000015"
"2021-10-26T21:00:00+00:00","BTC-PERP","0.000034"
"2021-10-26T20:00:00+00:00","BTC-PERP","0.000029"
"2021-10-26T19:00:00+00:00","BTC-PERP","0.000027"
"2021-10-26T18:00:00+00:00","BTC-PERP","0.000024"
"2021-10-26T17:00:00+00:00","BTC-PERP","0.00002"
"2021-10-26T16:00:00+00:00","BTC-PERP","0.000025"
"2021-10-26T15:00:00+00:00","BTC-PERP","0.000017"
"2021-10-26T14:00:00+00:00","BTC-PERP","0.000017"
"2021-10-26T13:00:00+00:00","BTC-PERP","0.000009"
"2021-10-26T12:00:00+00:00","BTC-PERP","0.00002"
"2021-10-26T11:00:00+00:00","BTC-PERP","0.000025"
"2021-10-26T10:00:00+00:00","BTC-PERP","0.000017"
"2021-10-26T09:00:00+00:00","BTC-PERP","0.000022"
"2021-10-26T08:00:00+00:00","BTC-PERP","0.000011"
"2021-10-26T07:00:00+00:00","BTC-PERP","0.000007"
"2021-10-26T06:00:00+00:00","BTC-PERP","0.000022"
"2021-10-26T05:00:00+00:00","BTC-PERP","0.000021"
"2021-10-26T04:00:00+00:00","BTC-PERP","0.000026"
"2021-10-26T03:00:00+00:00","BTC-PERP","0.00002"
"2021-10-26T02:00:00+00:00","BTC-PERP","0.000013"
"2021-10-26T01:00:00+00:00","BTC-PERP","0.000019"
"2021-10-26T00:00:00+00:00","BTC-PERP","0.000018"
"2021-10-25T23:00:00+00:00","BTC-PERP","0.000017"
"2021-10-25T22:00:00+00:00","BTC-PERP","0.000024"
"2021-10-25T21:00:00+00:00","BTC-PERP","0.000042"
"2021-10-25T20:00:00+00:00","BTC-PERP","0.000017"
"2021-10-25T19:00:00+00:00","BTC-PERP","0.000034"
"2021-10-25T18:00:00+00:00","BTC-PERP","0.000033"
"2021-10-25T17:00:00+00:00","BTC-PERP","0.000033"
"2021-10-25T16:00:00+00:00","BTC-PERP","0.000027"
"2021-10-25T15:00:00+00:00","BTC-PERP","0.000018"
"2021-10-25T14:00:00+00:00","BTC-PERP","0.000011"
"2021-10-25T13:00:00+00:00","BTC-PERP","0.000004"
"2021-10-25T12:00:00+00:00","BTC-PERP","0.00001"
"2021-10-25T11:00:00+00:00","BTC-PERP","0.000016"
"2021-10-25T10:00:00+00:00","BTC-PERP","0.000012"
"2021-10-25T09:00:00+00:00","BTC-PERP","0.000001"
"2021-10-25T08:00:00+00:00","BTC-PERP","0.000012"
"2021-10-25T07:00:00+00:00","BTC-PERP","0.000031"
"2021-10-25T06:00:00+00:00","BTC-PERP","0.000019"
"2021-10-25T05:00:00+00:00","BTC-PERP","0.000017"
"2021-10-25T04:00:00+00:00","BTC-PERP","0.00002"
"2021-10-25T03:00:00+00:00","BTC-PERP","0.00002"
"2021-10-25T02:00:00+00:00","BTC-PERP","0.00002"
"2021-10-25T01:00:00+00:00","BTC-PERP","0.000022"
"2021-10-25T00:00:00+00:00","BTC-PERP","0.000022"
"2021-10-24T23:00:00+00:00","BTC-PERP","0.000016"
"2021-10-24T22:00:00+00:00","BTC-PERP","0.000014"
"2021-10-24T21:00:00+00:00","BTC-PERP","0.000016"
"2021-10-24T20:00:00+00:00","BTC-PERP","0.000022"
"2021-10-24T19:00:00+00:00","BTC-PERP","0.000009"
"2021-10-24T18:00:00+00:00","BTC-PERP","0.000009"
"2021-10-24T17:00:00+00:00","BTC-PERP","0.000009"
"2021-10-24T16:00:00+00:00","BTC-PERP","0.000001"
"2021-10-24T15:00:00+00:00","BTC-PERP","0.000002"
"2021-10-24T14:00:00+00:00","BTC-PERP","-0.000002"
"2021-10-24T13:00:00+00:00","BTC-PERP","-0.000006"
"2021-10-24T12:00:00+00:00","BTC-PERP","0.000006"
"2021-10-24T11:00:00+00:00","BTC-PERP","0.000014"
"2021-10-24T10:00:00+00:00","BTC-PERP","0.000011"
"2021-10-24T09:00:00+00:00","BTC-PERP","0.000007"
"2021-10-24T08:00:00+00:00","BTC-PERP","0.000013"
"2021-10-24T07:00:00+00:00","BTC-PERP","0.000011"
"2021-10-24T06:00:00+00:00","BTC-PERP","0.000017"
"2021-10-24T05:00:00+00:00","BTC-PERP","0.00002"
"2021-10-24T04:00:00+00:00","BTC-PERP","0.000031"
"2021-10-24T03:00:00+00:00","BTC-PERP","0.000018"
"2021-10-24T02:00:00+00:00","BTC-PERP","0.000013"
"2021-10-24T01:00:00+00:00","BTC-PERP","0.00001"
"2021-10-24T00:00:00+00:00","BTC-PERP","0.000022"
"2021-10-23T23:00:00+00:00","BTC-PERP","0.000024"
"2021-10-23T22:00:00+00:00","BTC-PERP","0.000029"
"2021-10-23T21:00:00+00:00","BTC-PERP","0.000026"
"2021-10-23T20:00:00+00:00","BTC-PERP","0.00002"
"2021-10-23T19:00:00+00:00","BTC-PERP","0.000024"
"2021-10-23T18:00:00+00:00","BTC-PERP","0.000022"
"2021-10-23T17:00:00+00:00","BTC-PERP","0.000021"
"2021-10-23T16:00:00+00:00","BTC-PERP","0.000017"
"2021-10-23T15:00:00+00:00","BTC-PERP","0.000016"
"2021-10-23T14:00:00+00:00","BTC-PERP","0.000018"
"2021-10-23T13:00:00+00:00","BTC-PERP","0.000021"
"2021-10-23T12:00:00+00:00","BTC-PERP","0.000025"
"2021-10-23T11:00:00+00:00","BTC-PERP","0.000013"
"2021-10-23T10:00:00+00:00","BTC-PERP","0.000001"
"2021-10-23T09:00:00+00:00","BTC-PERP","0.00001"
"2021-10-23T08:00:00+00:00","BTC-PERP","0.000004"
"2021-10-23T07:00:00+00:00","BTC-PERP","0.000012"
"2021-10-23T06:00:00+00:00","BTC-PERP","0.000008"
"2021-10-23T05:00:00+00:00","BTC-PERP","0.000011"
"2021-10-23T04:00:00+00:00","BTC-PERP","0.000019"
"2021-10-23T03:00:00+00:00","BTC-PERP","0.000013"
"2021-10-23T02:00:00+00:00","BTC-PERP","0.000012"
"2021-10-23T01:00:00+00:00","BTC-PERP","0.000012"
"2021-10-23T00:00:00+00:00","BTC-PERP","0.000014"
"2021-10-22T23:00:00+00:00","BTC-PERP","0.00002"
"2021-10-22T22:00:00+00:00","BTC-PERP","0.000027"
"2021-10-22T21:00:00+00:00","BTC-PERP","0.000026"
"2021-10-22T20:00:00+00:00","BTC-PERP","0.00003"
"2021-10-22T19:00:00+00:00","BTC-PERP","0.000037"
"2021-10-22T18:00:00+00:00","BTC-PERP","0.000033"
"2021-10-22T17:00:00+00:00","BTC-PERP","0.000035"
"2021-10-22T16:00:00+00:00","BTC-PERP","0.00003"
"2021-10-22T15:00:00+00:00","BTC-PERP","0.00003"
"2021-10-22T14:00:00+00:00","BTC-PERP","0.000014"
"2021-10-22T13:00:00+00:00","BTC-PERP","0.000018"
"2021-10-22T12:00:00+00:00","BTC-PERP","0.000029"
"2021-10-22T11:00:00+00:00","BTC-PERP","0.000026"
"2021-10-22T10:00:00+00:00","BTC-PERP","0.000021"
"2021-10-22T09:00:00+00:00","BTC-PERP","0.000026"
"2021-10-22T08:00:00+00:00","BTC-PERP","0.000022"
"2021-10-22T07:00:00+00:00","BTC-PERP","0.000024"
"2021-10-22T06:00:00+00:00","BTC-PERP","0.000024"
"2021-10-22T05:00:00+00:00","BTC-PERP","0.000014"
"2021-10-22T04:00:00+00:00","BTC-PERP","0.000031"
"2021-10-22T03:00:00+00:00","BTC-PERP","0.00003"
"2021-10-22T02:00:00+00:00","BTC-PERP","0.000028"
"2021-10-22T01:00:00+00:00","BTC-PERP","0.000046"
"2021-10-22T00:00:00+00:00","BTC-PERP","0.000026"
"2021-10-21T23:00:00+00:00","BTC-PERP","0.000022"
"2021-10-21T22:00:00+00:00","BTC-PERP","0.000027"
"2021-10-21T21:00:00+00:00","BTC-PERP","0.00003"
"2021-10-21T20:00:00+00:00","BTC-PERP","0.000028"
"2021-10-21T19:00:00+00:00","BTC-PERP","0.000035"
"2021-10-21T18:00:00+00:00","BTC-PERP","0.000037"
"2021-10-21T17:00:00+00:00","BTC-PERP","0.000028"
"2021-10-21T16:00:00+00:00","BTC-PERP","0.000043"
"2021-10-21T15:00:00+00:00","BTC-PERP","0.000026"
"2021-10-21T14:00:00+00:00","BTC-PERP","0.000025"
"2021-10-21T13:00:00+00:00","BTC-PERP","0.000042"
"2021-10-21T12:00:00+00:00","BTC-PERP","0.000046"
"2021-10-21T11:00:00+00:00","BTC-PERP","0.000056"
"2021-10-21T10:00:00+00:00","BTC-PERP","0.00004"
"2021-10-21T09:00:00+00:00","BTC-PERP","0.000032"
"2021-10-21T08:00:00+00:00","BTC-PERP","0.00003"
"2021-10-21T07:00:00+00:00","BTC-PERP","0.000016"
"2021-10-21T06:00:00+00:00","BTC-PERP","0.000027"
"2021-10-21T05:00:00+00:00","BTC-PERP","0.000017"
"2021-10-21T04:00:00+00:00","BTC-PERP","0.000024"
"2021-10-21T03:00:00+00:00","BTC-PERP","0.000041"
"2021-10-21T02:00:00+00:00","BTC-PERP","0.000057"
"2021-10-21T01:00:00+00:00","BTC-PERP","0.00004"
"2021-10-21T00:00:00+00:00","BTC-PERP","0.000023"
"2021-10-20T23:00:00+00:00","BTC-PERP","0.000041"
"2021-10-20T22:00:00+00:00","BTC-PERP","0.00004"
"2021-10-20T21:00:00+00:00","BTC-PERP","0.000042"
"2021-10-20T20:00:00+00:00","BTC-PERP","0.000041"
"2021-10-20T19:00:00+00:00","BTC-PERP","0.000045"
"2021-10-20T18:00:00+00:00","BTC-PERP","0.000062"
"2021-10-20T17:00:00+00:00","BTC-PERP","0.000055"
"2021-10-20T16:00:00+00:00","BTC-PERP","0.000067"
"2021-10-20T15:00:00+00:00","BTC-PERP","0.000067"
"2021-10-20T14:00:00+00:00","BTC-PERP","0.000049"
"2021-10-20T13:00:00+00:00","BTC-PERP","0.000023"
"2021-10-20T12:00:00+00:00","BTC-PERP","0.000023"
"2021-10-20T11:00:00+00:00","BTC-PERP","0.000015"
"2021-10-20T10:00:00+00:00","BTC-PERP","0.000009"
"2021-10-20T09:00:00+00:00","BTC-PERP","0.000014"
"2021-10-20T08:00:00+00:00","BTC-PERP","0.000023"
"2021-10-20T07:00:00+00:00","BTC-PERP","0.000022"
"2021-10-20T06:00:00+00:00","BTC-PERP","0.000016"
"2021-10-20T05:00:00+00:00","BTC-PERP","0.000027"
"2021-10-20T04:00:00+00:00","BTC-PERP","0.000013"
"2021-10-20T03:00:00+00:00","BTC-PERP","0.000012"
"2021-10-20T02:00:00+00:00","BTC-PERP","0.000013"
"2021-10-20T01:00:00+00:00","BTC-PERP","0.00002"
"2021-10-20T00:00:00+00:00","BTC-PERP","0.000022"
"2021-10-19T23:00:00+00:00","BTC-PERP","0.000022"
"2021-10-19T22:00:00+00:00","BTC-PERP","0.000023"
"2021-10-19T21:00:00+00:00","BTC-PERP","0.000024"
"2021-10-19T20:00:00+00:00","BTC-PERP","0.000033"
"2021-10-19T19:00:00+00:00","BTC-PERP","0.000021"
"2021-10-19T18:00:00+00:00","BTC-PERP","0.000017"
"2021-10-19T17:00:00+00:00","BTC-PERP","0.000019"
"2021-10-19T16:00:00+00:00","BTC-PERP","0.000021"
"2021-10-19T15:00:00+00:00","BTC-PERP","0.000001"
"2021-10-19T14:00:00+00:00","BTC-PERP","0.00002"
"2021-10-19T13:00:00+00:00","BTC-PERP","0.000019"
"2021-10-19T12:00:00+00:00","BTC-PERP","0.000021"
"2021-10-19T11:00:00+00:00","BTC-PERP","0.000025"
"2021-10-19T10:00:00+00:00","BTC-PERP","0.000013"
"2021-10-19T09:00:00+00:00","BTC-PERP","0.000015"
"2021-10-19T08:00:00+00:00","BTC-PERP","0.000023"
"2021-10-19T07:00:00+00:00","BTC-PERP","0.000017"
"2021-10-19T06:00:00+00:00","BTC-PERP","0.000017"
"2021-10-19T05:00:00+00:00","BTC-PERP","0.00003"
"2021-10-19T04:00:00+00:00","BTC-PERP","0.000035"
"2021-10-19T03:00:00+00:00","BTC-PERP","0.000019"
"2021-10-19T02:00:00+00:00","BTC-PERP","0.000015"
"2021-10-19T01:00:00+00:00","BTC-PERP","0.000016"
"2021-10-19T00:00:00+00:00","BTC-PERP","0.000015"
"2021-10-18T23:00:00+00:00","BTC-PERP","0.000012"
"2021-10-18T22:00:00+00:00","BTC-PERP","0.000009"
"2021-10-18T21:00:00+00:00","BTC-PERP","0.000011"
"2021-10-18T20:00:00+00:00","BTC-PERP","0.000012"
"2021-10-18T19:00:00+00:00","BTC-PERP","0.000004"
"2021-10-18T18:00:00+00:00","BTC-PERP","0.000009"
"2021-10-18T17:00:00+00:00","BTC-PERP","0.000012"
"2021-10-18T16:00:00+00:00","BTC-PERP","0.00001"
"2021-10-18T15:00:00+00:00","BTC-PERP","0.000016"
"2021-10-18T14:00:00+00:00","BTC-PERP","0.00002"
"2021-10-18T13:00:00+00:00","BTC-PERP","0.00002"
"2021-10-18T12:00:00+00:00","BTC-PERP","0.000026"
"2021-10-18T11:00:00+00:00","BTC-PERP","0.000025"
"2021-10-18T10:00:00+00:00","BTC-PERP","0.000034"
"2021-10-18T09:00:00+00:00","BTC-PERP","0.000034"
"2021-10-18T08:00:00+00:00","BTC-PERP","0.000036"
"2021-10-18T07:00:00+00:00","BTC-PERP","0.000039"
"2021-10-18T06:00:00+00:00","BTC-PERP","0.000036"
"2021-10-18T05:00:00+00:00","BTC-PERP","0.000034"